gender,n,current_smokers,proportion_current_smoking
Female,6572,1418,0.21576384662203288
Male,6740,1167,0.1731454005934718
